loan_id,loan_default
7001,1.0
7002,0.0
7003,1.0
7004,1.0
7005,0.0
7006,0.0
7007,0.0
7008,1.0
7009,1.0
7010,1.0
7011,0.0
7012,0.0
7013,0.0
7014,0.0
7015,0.0
7016,0.0
7017,0.0
7018,1.0
7019,0.0
7020,1.0
7021,0.0
7022,1.0
7023,0.0
7024,1.0
7025,0.0
7026,0.0
7027,0.0
7028,1.0
7029,0.0
7030,0.0
7031,0.0
7032,1.0
7033,0.0
7034,1.0
7035,1.0
7036,0.0
7037,0.0
7038,1.0
7039,0.0
7040,0.0
7041,0.0
7042,1.0
7043,1.0
7044,1.0
7045,0.0
7046,0.0
7047,1.0
7048,0.0
7049,0.0
7050,0.0
7051,0.0
7052,0.0
7053,0.0
7054,0.0
7055,1.0
7056,1.0
7057,1.0
7058,0.0
7059,1.0
7060,1.0
7061,1.0
7062,0.0
7063,0.0
7064,0.0
7065,0.0
7066,1.0
7067,0.0
7068,0.0
7069,1.0
7070,1.0
7071,0.0
7072,1.0
7073,0.0
7074,1.0
7075,0.0
7076,0.0
7077,1.0
7078,0.0
7079,0.0
7080,0.0
7081,0.0
7082,1.0
7083,1.0
7084,0.0
7085,0.0
7086,1.0
7087,0.0
7088,0.0
7089,0.0
7090,0.0
7091,0.0
7092,0.0
7093,0.0
7094,0.0
7095,0.0
7096,1.0
7097,0.0
7098,1.0
7099,0.0
7100,0.0
7101,0.0
7102,0.0
7103,0.0
7104,0.0
7105,1.0
7106,0.0
7107,1.0
7108,1.0
7109,1.0
7110,1.0
7111,0.0
7112,0.0
7113,1.0
7114,1.0
7115,0.0
7116,1.0
7117,0.0
7118,1.0
7119,1.0
7120,0.0
7121,0.0
7122,1.0
7123,0.0
7124,0.0
7125,1.0
7126,1.0
7127,0.0
7128,1.0
7129,1.0
7130,1.0
7131,1.0
7132,0.0
7133,1.0
7134,0.0
7135,1.0
7136,1.0
7137,0.0
7138,1.0
7139,0.0
7140,1.0
7141,1.0
7142,0.0
7143,1.0
7144,0.0
7145,0.0
7146,0.0
7147,0.0
7148,1.0
7149,1.0
7150,1.0
7151,0.0
7152,0.0
7153,1.0
7154,1.0
7155,1.0
7156,0.0
7157,0.0
7158,1.0
7159,0.0
7160,0.0
7161,0.0
7162,1.0
7163,0.0
7164,0.0
7165,1.0
7166,0.0
7167,0.0
7168,1.0
7169,0.0
7170,0.0
7171,0.0
7172,0.0
7173,1.0
7174,1.0
7175,1.0
7176,0.0
7177,1.0
7178,0.0
7179,0.0
7180,0.0
7181,1.0
7182,1.0
7183,0.0
7184,0.0
7185,0.0
7186,0.0
7187,0.0
7188,1.0
7189,0.0
7190,1.0
7191,0.0
7192,1.0
7193,1.0
7194,0.0
7195,1.0
7196,1.0
7197,1.0
7198,0.0
7199,0.0
7200,1.0
7201,0.0
7202,1.0
7203,1.0
7204,0.0
7205,0.0
7206,0.0
7207,0.0
7208,0.0
7209,1.0
7210,1.0
7211,0.0
7212,0.0
7213,1.0
7214,0.0
7215,0.0
7216,0.0
7217,1.0
7218,0.0
7219,1.0
7220,0.0
7221,1.0
7222,0.0
7223,1.0
7224,0.0
7225,0.0
7226,1.0
7227,0.0
7228,1.0
7229,0.0
7230,0.0
7231,1.0
7232,1.0
7233,0.0
7234,1.0
7235,1.0
7236,1.0
7237,1.0
7238,0.0
7239,1.0
7240,1.0
7241,0.0
7242,0.0
7243,0.0
7244,0.0
7245,1.0
7246,0.0
7247,1.0
7248,0.0
7249,1.0
7250,1.0
7251,1.0
7252,0.0
7253,1.0
7254,0.0
7255,0.0
7256,0.0
7257,1.0
7258,1.0
7259,0.0
7260,0.0
7261,0.0
7262,1.0
7263,0.0
7264,0.0
7265,0.0
7266,1.0
7267,1.0
7268,0.0
7269,1.0
7270,1.0
7271,0.0
7272,0.0
7273,1.0
7274,0.0
7275,0.0
7276,0.0
7277,0.0
7278,0.0
7279,0.0
7280,0.0
7281,0.0
7282,1.0
7283,0.0
7284,1.0
7285,1.0
7286,1.0
7287,0.0
7288,1.0
7289,0.0
7290,0.0
7291,1.0
7292,0.0
7293,0.0
7294,1.0
7295,0.0
7296,1.0
7297,0.0
7298,0.0
7299,0.0
7300,0.0
7301,0.0
7302,0.0
7303,1.0
7304,1.0
7305,0.0
7306,0.0
7307,1.0
7308,1.0
7309,0.0
7310,1.0
7311,0.0
7312,0.0
7313,0.0
7314,0.0
7315,0.0
7316,0.0
7317,1.0
7318,0.0
7319,1.0
7320,0.0
7321,1.0
7322,1.0
7323,0.0
7324,0.0
7325,1.0
7326,0.0
7327,0.0
7328,0.0
7329,1.0
7330,1.0
7331,0.0
7332,0.0
7333,0.0
7334,0.0
7335,0.0
7336,0.0
7337,0.0
7338,0.0
7339,0.0
7340,1.0
7341,0.0
7342,0.0
7343,1.0
7344,1.0
7345,1.0
7346,1.0
7347,1.0
7348,0.0
7349,0.0
7350,1.0
7351,1.0
7352,0.0
7353,0.0
7354,1.0
7355,1.0
7356,0.0
7357,1.0
7358,0.0
7359,0.0
7360,0.0
7361,1.0
7362,1.0
7363,1.0
7364,1.0
7365,0.0
7366,1.0
7367,1.0
7368,1.0
7369,1.0
7370,0.0
7371,1.0
7372,0.0
7373,0.0
7374,1.0
7375,0.0
7376,1.0
7377,0.0
7378,0.0
7379,0.0
7380,1.0
7381,1.0
7382,0.0
7383,0.0
7384,0.0
7385,0.0
7386,0.0
7387,0.0
7388,0.0
7389,1.0
7390,0.0
7391,1.0
7392,1.0
7393,0.0
7394,0.0
7395,0.0
7396,1.0
7397,1.0
7398,1.0
7399,0.0
7400,0.0
7401,0.0
7402,0.0
7403,1.0
7404,0.0
7405,0.0
7406,0.0
7407,1.0
7408,0.0
7409,1.0
7410,0.0
7411,0.0
7412,0.0
7413,0.0
7414,0.0
7415,0.0
7416,0.0
7417,1.0
7418,1.0
7419,1.0
7420,1.0
7421,1.0
7422,0.0
7423,0.0
7424,0.0
7425,0.0
7426,0.0
7427,0.0
7428,0.0
7429,1.0
7430,1.0
7431,0.0
7432,0.0
7433,1.0
7434,0.0
7435,1.0
7436,1.0
7437,1.0
7438,0.0
7439,0.0
7440,0.0
7441,0.0
7442,1.0
7443,0.0
7444,1.0
7445,1.0
7446,0.0
7447,1.0
7448,1.0
7449,1.0
7450,1.0
7451,0.0
7452,1.0
7453,0.0
7454,0.0
7455,1.0
7456,1.0
7457,0.0
7458,0.0
7459,0.0
7460,1.0
7461,0.0
7462,1.0
7463,1.0
7464,0.0
7465,0.0
7466,1.0
7467,1.0
7468,0.0
7469,1.0
7470,0.0
7471,0.0
7472,0.0
7473,0.0
7474,0.0
7475,1.0
7476,1.0
7477,0.0
7478,0.0
7479,1.0
7480,0.0
7481,0.0
7482,1.0
7483,0.0
7484,1.0
7485,0.0
7486,0.0
7487,0.0
7488,0.0
7489,0.0
7490,1.0
7491,1.0
7492,0.0
7493,1.0
7494,0.0
7495,0.0
7496,0.0
7497,0.0
7498,0.0
7499,0.0
7500,1.0
7501,1.0
7502,1.0
7503,0.0
7504,0.0
7505,1.0
7506,1.0
7507,1.0
7508,1.0
7509,1.0
7510,0.0
7511,0.0
7512,0.0
7513,0.0
7514,0.0
7515,0.0
7516,0.0
7517,0.0
7518,1.0
7519,0.0
7520,0.0
7521,0.0
7522,0.0
7523,0.0
7524,1.0
7525,0.0
7526,0.0
7527,0.0
7528,0.0
7529,1.0
7530,1.0
7531,1.0
7532,0.0
7533,1.0
7534,0.0
7535,0.0
7536,1.0
7537,0.0
7538,1.0
7539,0.0
7540,1.0
7541,1.0
7542,0.0
7543,0.0
7544,1.0
7545,0.0
7546,0.0
7547,0.0
7548,1.0
7549,1.0
7550,0.0
7551,0.0
7552,0.0
7553,0.0
7554,0.0
7555,0.0
7556,0.0
7557,0.0
7558,0.0
7559,0.0
7560,0.0
7561,1.0
7562,0.0
7563,0.0
7564,1.0
7565,1.0
7566,1.0
7567,1.0
7568,0.0
7569,0.0
7570,1.0
7571,1.0
7572,1.0
7573,1.0
7574,1.0
7575,1.0
7576,1.0
7577,1.0
7578,0.0
7579,0.0
7580,0.0
7581,0.0
7582,1.0
7583,0.0
7584,0.0
7585,1.0
7586,0.0
7587,0.0
7588,0.0
7589,1.0
7590,1.0
7591,0.0
7592,0.0
7593,1.0
7594,0.0
7595,1.0
7596,1.0
7597,1.0
7598,1.0
7599,0.0
7600,1.0
7601,1.0
7602,0.0
7603,0.0
7604,0.0
7605,0.0
7606,0.0
7607,1.0
7608,1.0
7609,0.0
7610,0.0
7611,0.0
7612,1.0
7613,1.0
7614,1.0
7615,1.0
7616,0.0
7617,1.0
7618,1.0
7619,1.0
7620,0.0
7621,0.0
7622,0.0
7623,0.0
7624,1.0
7625,0.0
7626,0.0
7627,1.0
7628,0.0
7629,0.0
7630,1.0
7631,0.0
7632,1.0
7633,0.0
7634,1.0
7635,0.0
7636,1.0
7637,1.0
7638,0.0
7639,1.0
7640,0.0
7641,1.0
7642,0.0
7643,1.0
7644,0.0
7645,0.0
7646,0.0
7647,0.0
7648,0.0
7649,0.0
7650,0.0
7651,1.0
7652,0.0
7653,1.0
7654,0.0
7655,0.0
7656,0.0
7657,1.0
7658,1.0
7659,1.0
7660,0.0
7661,1.0
7662,0.0
7663,0.0
7664,0.0
7665,0.0
7666,1.0
7667,1.0
7668,0.0
7669,1.0
7670,1.0
7671,1.0
7672,0.0
7673,0.0
7674,0.0
7675,1.0
7676,1.0
7677,1.0
7678,0.0
7679,0.0
7680,1.0
7681,0.0
7682,1.0
7683,0.0
7684,0.0
7685,1.0
7686,0.0
7687,0.0
7688,0.0
7689,1.0
7690,1.0
7691,1.0
7692,0.0
7693,1.0
7694,0.0
7695,0.0
7696,0.0
7697,0.0
7698,1.0
7699,1.0
7700,1.0
7701,0.0
7702,0.0
7703,0.0
7704,0.0
7705,0.0
7706,0.0
7707,1.0
7708,0.0
7709,0.0
7710,1.0
7711,0.0
7712,0.0
7713,1.0
7714,1.0
7715,1.0
7716,1.0
7717,0.0
7718,0.0
7719,1.0
7720,1.0
7721,1.0
7722,1.0
7723,0.0
7724,1.0
7725,1.0
7726,1.0
7727,1.0
7728,1.0
7729,0.0
7730,1.0
7731,1.0
7732,1.0
7733,0.0
7734,1.0
7735,0.0
7736,0.0
7737,1.0
7738,0.0
7739,0.0
7740,0.0
7741,1.0
7742,1.0
7743,1.0
7744,0.0
7745,1.0
7746,0.0
7747,0.0
7748,1.0
7749,0.0
7750,1.0
7751,0.0
7752,0.0
7753,0.0
7754,0.0
7755,0.0
7756,0.0
7757,1.0
7758,0.0
7759,0.0
7760,1.0
7761,0.0
7762,1.0
7763,0.0
7764,0.0
7765,0.0
7766,0.0
7767,0.0
7768,1.0
7769,0.0
7770,1.0
7771,0.0
7772,1.0
7773,0.0
7774,0.0
7775,1.0
7776,0.0
7777,0.0
7778,0.0
7779,0.0
7780,0.0
7781,1.0
7782,0.0
7783,0.0
7784,0.0
7785,1.0
7786,0.0
7787,0.0
7788,1.0
7789,0.0
7790,0.0
7791,1.0
7792,0.0
7793,1.0
7794,0.0
7795,1.0
7796,1.0
7797,0.0
7798,0.0
7799,0.0
7800,0.0
7801,0.0
7802,1.0
7803,0.0
7804,1.0
7805,0.0
7806,0.0
7807,1.0
7808,0.0
7809,1.0
7810,0.0
7811,0.0
7812,0.0
7813,1.0
7814,1.0
7815,1.0
7816,0.0
7817,1.0
7818,1.0
7819,1.0
7820,0.0
7821,0.0
7822,1.0
7823,1.0
7824,0.0
7825,1.0
7826,0.0
7827,1.0
7828,1.0
7829,0.0
7830,0.0
7831,1.0
7832,0.0
7833,0.0
7834,0.0
7835,0.0
7836,0.0
7837,0.0
7838,1.0
7839,1.0
7840,1.0
7841,1.0
7842,1.0
7843,0.0
7844,1.0
7845,0.0
7846,1.0
7847,1.0
7848,0.0
7849,0.0
7850,0.0
7851,0.0
7852,1.0
7853,0.0
7854,0.0
7855,0.0
7856,0.0
7857,0.0
7858,0.0
7859,0.0
7860,1.0
7861,1.0
7862,1.0
7863,0.0
7864,0.0
7865,1.0
7866,1.0
7867,0.0
7868,0.0
7869,0.0
7870,1.0
7871,0.0
7872,0.0
7873,0.0
7874,0.0
7875,0.0
7876,0.0
7877,0.0
7878,1.0
7879,1.0
7880,0.0
7881,0.0
7882,1.0
7883,0.0
7884,0.0
7885,0.0
7886,0.0
7887,0.0
7888,1.0
7889,0.0
7890,1.0
7891,0.0
7892,1.0
7893,0.0
7894,1.0
7895,0.0
7896,0.0
7897,0.0
7898,1.0
7899,1.0
7900,0.0
7901,0.0
7902,0.0
7903,0.0
7904,0.0
7905,0.0
7906,1.0
7907,0.0
7908,0.0
7909,0.0
7910,0.0
7911,0.0
7912,0.0
7913,0.0
7914,0.0
7915,0.0
7916,1.0
7917,0.0
7918,0.0
7919,0.0
7920,0.0
7921,0.0
7922,0.0
7923,0.0
7924,0.0
7925,0.0
7926,1.0
7927,1.0
7928,0.0
7929,0.0
7930,1.0
7931,0.0
7932,0.0
7933,0.0
7934,1.0
7935,0.0
7936,0.0
7937,1.0
7938,1.0
7939,0.0
7940,0.0
7941,0.0
7942,1.0
7943,1.0
7944,1.0
7945,1.0
7946,0.0
7947,0.0
7948,1.0
7949,1.0
7950,0.0
7951,0.0
7952,0.0
7953,0.0
7954,0.0
7955,0.0
7956,1.0
7957,0.0
7958,0.0
7959,0.0
7960,1.0
7961,1.0
7962,1.0
7963,1.0
7964,1.0
7965,1.0
7966,1.0
7967,0.0
7968,1.0
7969,1.0
7970,1.0
7971,1.0
7972,0.0
7973,1.0
7974,0.0
7975,1.0
7976,0.0
7977,1.0
7978,0.0
7979,1.0
7980,0.0
7981,0.0
7982,0.0
7983,0.0
7984,0.0
7985,0.0
7986,0.0
7987,1.0
7988,0.0
7989,1.0
7990,1.0
7991,1.0
7992,0.0
7993,1.0
7994,0.0
7995,0.0
7996,1.0
7997,0.0
7998,1.0
7999,0.0
8000,1.0
8001,0.0
8002,1.0
8003,0.0
8004,0.0
8005,1.0
8006,1.0
8007,0.0
8008,0.0
8009,1.0
8010,1.0
8011,1.0
8012,0.0
8013,0.0
8014,0.0
8015,1.0
8016,0.0
8017,0.0
8018,0.0
8019,0.0
8020,0.0
8021,0.0
8022,0.0
8023,0.0
8024,1.0
8025,1.0
8026,1.0
8027,0.0
8028,0.0
8029,0.0
8030,0.0
8031,0.0
8032,1.0
8033,0.0
8034,0.0
8035,0.0
8036,0.0
8037,0.0
8038,0.0
8039,0.0
8040,1.0
8041,0.0
8042,0.0
8043,1.0
8044,0.0
8045,0.0
8046,0.0
8047,0.0
8048,1.0
8049,1.0
8050,0.0
8051,1.0
8052,1.0
8053,0.0
8054,1.0
8055,0.0
8056,1.0
8057,0.0
8058,1.0
8059,1.0
8060,0.0
8061,1.0
8062,0.0
8063,0.0
8064,1.0
8065,0.0
8066,0.0
8067,0.0
8068,0.0
8069,0.0
8070,0.0
8071,0.0
8072,0.0
8073,0.0
8074,1.0
8075,0.0
8076,1.0
8077,0.0
8078,1.0
8079,0.0
8080,0.0
8081,1.0
8082,1.0
8083,0.0
8084,1.0
8085,1.0
8086,1.0
8087,0.0
8088,1.0
8089,1.0
8090,0.0
8091,0.0
8092,1.0
8093,0.0
8094,0.0
8095,0.0
8096,0.0
8097,0.0
8098,0.0
8099,0.0
8100,0.0
8101,0.0
8102,0.0
8103,1.0
8104,1.0
8105,0.0
8106,1.0
8107,0.0
8108,1.0
8109,1.0
8110,1.0
8111,0.0
8112,1.0
8113,0.0
8114,0.0
8115,1.0
8116,1.0
8117,0.0
8118,1.0
8119,0.0
8120,0.0
8121,0.0
8122,0.0
8123,0.0
8124,0.0
8125,0.0
8126,0.0
8127,0.0
8128,1.0
8129,0.0
8130,0.0
8131,1.0
8132,0.0
8133,0.0
8134,1.0
8135,0.0
8136,1.0
8137,0.0
8138,1.0
8139,1.0
8140,1.0
8141,0.0
8142,0.0
8143,1.0
8144,0.0
8145,1.0
8146,0.0
8147,0.0
8148,1.0
8149,1.0
8150,1.0
8151,0.0
8152,0.0
8153,0.0
8154,1.0
8155,0.0
8156,1.0
8157,0.0
8158,0.0
8159,0.0
8160,0.0
8161,0.0
8162,0.0
8163,0.0
8164,0.0
8165,0.0
8166,0.0
8167,0.0
8168,0.0
8169,0.0
8170,1.0
8171,0.0
8172,0.0
8173,0.0
8174,0.0
8175,1.0
8176,0.0
8177,0.0
8178,0.0
8179,1.0
8180,1.0
8181,0.0
8182,1.0
8183,1.0
8184,1.0
8185,1.0
8186,0.0
8187,1.0
8188,0.0
8189,0.0
8190,1.0
8191,0.0
8192,0.0
8193,0.0
8194,1.0
8195,0.0
8196,0.0
8197,1.0
8198,0.0
8199,0.0
8200,0.0
8201,1.0
8202,0.0
8203,1.0
8204,0.0
8205,0.0
8206,0.0
8207,1.0
8208,1.0
8209,1.0
8210,1.0
8211,1.0
8212,0.0
8213,0.0
8214,0.0
8215,1.0
8216,1.0
8217,0.0
8218,0.0
8219,0.0
8220,0.0
8221,0.0
8222,0.0
8223,1.0
8224,1.0
8225,0.0
8226,0.0
8227,0.0
8228,1.0
8229,0.0
8230,1.0
8231,1.0
8232,0.0
8233,1.0
8234,1.0
8235,1.0
8236,0.0
8237,1.0
8238,1.0
8239,0.0
8240,0.0
8241,0.0
8242,1.0
8243,1.0
8244,1.0
8245,1.0
8246,1.0
8247,1.0
8248,1.0
8249,1.0
8250,1.0
8251,1.0
8252,1.0
8253,1.0
8254,1.0
8255,0.0
8256,0.0
8257,0.0
8258,1.0
8259,1.0
8260,0.0
8261,0.0
8262,0.0
8263,0.0
8264,0.0
8265,0.0
8266,1.0
8267,1.0
8268,0.0
8269,1.0
8270,0.0
8271,1.0
8272,0.0
8273,0.0
8274,0.0
8275,1.0
8276,0.0
8277,0.0
8278,0.0
8279,1.0
8280,0.0
8281,1.0
8282,1.0
8283,0.0
8284,0.0
8285,0.0
8286,0.0
8287,0.0
8288,1.0
8289,0.0
8290,0.0
8291,1.0
8292,1.0
8293,1.0
8294,0.0
8295,0.0
8296,1.0
8297,0.0
8298,0.0
8299,0.0
8300,1.0
8301,0.0
8302,1.0
8303,0.0
8304,0.0
8305,1.0
8306,1.0
8307,0.0
8308,1.0
8309,0.0
8310,0.0
8311,1.0
8312,0.0
8313,0.0
8314,0.0
8315,0.0
8316,1.0
8317,0.0
8318,1.0
8319,1.0
8320,1.0
8321,0.0
8322,1.0
8323,0.0
8324,0.0
8325,0.0
8326,0.0
8327,0.0
8328,0.0
8329,0.0
8330,0.0
8331,1.0
8332,1.0
8333,1.0
8334,0.0
8335,1.0
8336,1.0
8337,0.0
8338,1.0
8339,1.0
8340,1.0
8341,1.0
8342,0.0
8343,0.0
8344,0.0
8345,1.0
8346,1.0
8347,0.0
8348,0.0
8349,0.0
8350,0.0
8351,1.0
8352,0.0
8353,1.0
8354,0.0
8355,1.0
8356,0.0
8357,0.0
8358,1.0
8359,0.0
8360,0.0
8361,1.0
8362,0.0
8363,0.0
8364,1.0
8365,1.0
8366,1.0
8367,0.0
8368,1.0
8369,0.0
8370,1.0
8371,0.0
8372,1.0
8373,0.0
8374,0.0
8375,0.0
8376,1.0
8377,0.0
8378,0.0
8379,1.0
8380,0.0
8381,0.0
8382,1.0
8383,0.0
8384,1.0
8385,0.0
8386,1.0
8387,0.0
8388,1.0
8389,1.0
8390,1.0
8391,1.0
8392,1.0
8393,0.0
8394,0.0
8395,0.0
8396,0.0
8397,0.0
8398,1.0
8399,0.0
8400,1.0
8401,1.0
8402,1.0
8403,0.0
8404,1.0
8405,0.0
8406,0.0
8407,1.0
8408,1.0
8409,1.0
8410,0.0
8411,0.0
8412,1.0
8413,0.0
8414,0.0
8415,0.0
8416,0.0
8417,1.0
8418,0.0
8419,0.0
8420,0.0
8421,1.0
8422,1.0
8423,1.0
8424,0.0
8425,0.0
8426,0.0
8427,1.0
8428,0.0
8429,1.0
8430,0.0
8431,0.0
8432,0.0
8433,1.0
8434,1.0
8435,1.0
8436,1.0
8437,0.0
8438,1.0
8439,0.0
8440,0.0
8441,0.0
8442,0.0
8443,1.0
8444,1.0
8445,0.0
8446,0.0
8447,0.0
8448,0.0
8449,0.0
8450,0.0
8451,1.0
8452,1.0
8453,0.0
8454,0.0
8455,1.0
8456,0.0
8457,0.0
8458,1.0
8459,0.0
8460,0.0
8461,1.0
8462,1.0
8463,0.0
8464,0.0
8465,0.0
8466,1.0
8467,1.0
8468,0.0
8469,0.0
8470,1.0
8471,1.0
8472,0.0
8473,1.0
8474,1.0
8475,1.0
8476,1.0
8477,1.0
8478,0.0
8479,0.0
8480,0.0
8481,0.0
8482,1.0
8483,0.0
8484,0.0
8485,0.0
8486,0.0
8487,1.0
8488,0.0
8489,1.0
8490,1.0
8491,1.0
8492,1.0
8493,0.0
8494,0.0
8495,0.0
8496,1.0
8497,1.0
8498,0.0
8499,0.0
8500,0.0
8501,0.0
8502,0.0
8503,1.0
8504,0.0
8505,1.0
8506,1.0
8507,1.0
8508,0.0
8509,0.0
8510,0.0
8511,0.0
8512,0.0
8513,0.0
8514,1.0
8515,0.0
8516,1.0
8517,0.0
8518,0.0
8519,0.0
8520,1.0
8521,0.0
8522,0.0
8523,0.0
8524,0.0
8525,1.0
8526,1.0
8527,1.0
8528,0.0
8529,0.0
8530,1.0
8531,1.0
8532,1.0
8533,0.0
8534,0.0
8535,0.0
8536,1.0
8537,0.0
8538,1.0
8539,0.0
8540,1.0
8541,0.0
8542,0.0
8543,0.0
8544,0.0
8545,0.0
8546,1.0
8547,0.0
8548,0.0
8549,1.0
8550,0.0
8551,1.0
8552,0.0
8553,0.0
8554,0.0
8555,0.0
8556,0.0
8557,1.0
8558,1.0
8559,1.0
8560,1.0
8561,1.0
8562,1.0
8563,0.0
8564,1.0
8565,0.0
8566,1.0
8567,1.0
8568,1.0
8569,0.0
8570,1.0
8571,0.0
8572,0.0
8573,1.0
8574,0.0
8575,0.0
8576,1.0
8577,0.0
8578,0.0
8579,1.0
8580,0.0
8581,0.0
8582,1.0
8583,1.0
8584,0.0
8585,0.0
8586,0.0
8587,0.0
8588,1.0
8589,1.0
8590,0.0
8591,1.0
8592,1.0
8593,0.0
8594,0.0
8595,1.0
8596,0.0
8597,0.0
8598,1.0
8599,0.0
8600,0.0
8601,0.0
8602,0.0
8603,1.0
8604,0.0
8605,0.0
8606,0.0
8607,0.0
8608,0.0
8609,0.0
8610,1.0
8611,0.0
8612,0.0
8613,1.0
8614,0.0
8615,1.0
8616,1.0
8617,0.0
8618,1.0
8619,1.0
8620,0.0
8621,0.0
8622,1.0
8623,0.0
8624,1.0
8625,0.0
8626,1.0
8627,0.0
8628,1.0
8629,1.0
8630,1.0
8631,1.0
8632,0.0
8633,1.0
8634,0.0
8635,1.0
8636,0.0
8637,1.0
8638,0.0
8639,1.0
8640,0.0
8641,0.0
8642,0.0
8643,0.0
8644,0.0
8645,0.0
8646,1.0
8647,0.0
8648,1.0
8649,1.0
8650,1.0
8651,0.0
8652,0.0
8653,1.0
8654,1.0
8655,0.0
8656,0.0
8657,1.0
8658,0.0
8659,0.0
8660,0.0
8661,0.0
8662,1.0
8663,0.0
8664,1.0
8665,0.0
8666,1.0
8667,1.0
8668,1.0
8669,0.0
8670,1.0
8671,1.0
8672,0.0
8673,1.0
8674,1.0
8675,0.0
8676,0.0
8677,1.0
8678,0.0
8679,0.0
8680,0.0
8681,0.0
8682,1.0
8683,1.0
8684,1.0
8685,0.0
8686,0.0
8687,0.0
8688,1.0
8689,1.0
8690,0.0
8691,0.0
8692,1.0
8693,0.0
8694,1.0
8695,1.0
8696,1.0
8697,1.0
8698,0.0
8699,1.0
8700,1.0
8701,0.0
8702,1.0
8703,0.0
8704,0.0
8705,1.0
8706,0.0
8707,0.0
8708,0.0
8709,0.0
8710,1.0
8711,1.0
8712,1.0
8713,0.0
8714,0.0
8715,0.0
8716,1.0
8717,0.0
8718,1.0
8719,0.0
8720,1.0
8721,0.0
8722,1.0
8723,0.0
8724,0.0
8725,0.0
8726,1.0
8727,1.0
8728,1.0
8729,1.0
8730,1.0
8731,1.0
8732,0.0
8733,1.0
8734,0.0
8735,0.0
8736,1.0
8737,1.0
8738,0.0
8739,0.0
8740,1.0
8741,1.0
8742,0.0
8743,1.0
8744,1.0
8745,0.0
8746,0.0
8747,0.0
8748,0.0
8749,0.0
8750,0.0
8751,1.0
8752,1.0
8753,1.0
8754,1.0
8755,0.0
8756,0.0
8757,0.0
8758,0.0
8759,1.0
8760,1.0
8761,0.0
8762,1.0
8763,1.0
8764,1.0
8765,0.0
8766,1.0
8767,1.0
8768,0.0
8769,1.0
8770,1.0
8771,0.0
8772,0.0
8773,0.0
8774,0.0
8775,1.0
8776,0.0
8777,1.0
8778,1.0
8779,1.0
8780,1.0
8781,1.0
8782,0.0
8783,0.0
8784,0.0
8785,0.0
8786,0.0
8787,1.0
8788,1.0
8789,1.0
8790,1.0
8791,0.0
8792,1.0
8793,1.0
8794,0.0
8795,1.0
8796,1.0
8797,0.0
8798,0.0
8799,1.0
8800,0.0
8801,1.0
8802,0.0
8803,1.0
8804,0.0
8805,1.0
8806,1.0
8807,0.0
8808,0.0
8809,0.0
8810,1.0
8811,1.0
8812,1.0
8813,1.0
8814,1.0
8815,0.0
8816,0.0
8817,0.0
8818,0.0
8819,0.0
8820,1.0
8821,0.0
8822,0.0
8823,1.0
8824,0.0
8825,0.0
8826,1.0
8827,0.0
8828,0.0
8829,0.0
8830,1.0
8831,0.0
8832,0.0
8833,1.0
8834,0.0
8835,1.0
8836,1.0
8837,0.0
8838,1.0
8839,1.0
8840,0.0
8841,0.0
8842,1.0
8843,1.0
8844,1.0
8845,0.0
8846,1.0
8847,1.0
8848,1.0
8849,0.0
8850,1.0
8851,1.0
8852,0.0
8853,0.0
8854,1.0
8855,0.0
8856,0.0
8857,0.0
8858,0.0
8859,0.0
8860,0.0
8861,0.0
8862,1.0
8863,1.0
8864,0.0
8865,1.0
8866,0.0
8867,0.0
8868,1.0
8869,0.0
8870,0.0
8871,0.0
8872,0.0
8873,1.0
8874,1.0
8875,1.0
8876,1.0
8877,0.0
8878,0.0
8879,1.0
8880,0.0
8881,1.0
8882,1.0
8883,0.0
8884,1.0
8885,0.0
8886,1.0
8887,0.0
8888,1.0
8889,0.0
8890,1.0
8891,1.0
8892,1.0
8893,1.0
8894,0.0
8895,1.0
8896,1.0
8897,1.0
8898,1.0
8899,1.0
8900,0.0
8901,1.0
8902,0.0
8903,1.0
8904,0.0
8905,0.0
8906,0.0
8907,0.0
8908,0.0
8909,0.0
8910,0.0
8911,1.0
8912,0.0
8913,1.0
8914,1.0
8915,1.0
8916,0.0
8917,1.0
8918,0.0
8919,1.0
8920,1.0
8921,0.0
8922,1.0
8923,0.0
8924,0.0
8925,0.0
8926,1.0
8927,0.0
8928,0.0
8929,1.0
8930,0.0
8931,1.0
8932,0.0
8933,1.0
8934,1.0
8935,0.0
8936,0.0
8937,0.0
8938,0.0
8939,1.0
8940,1.0
8941,0.0
8942,1.0
8943,0.0
8944,0.0
8945,1.0
8946,0.0
8947,1.0
8948,1.0
8949,0.0
8950,1.0
8951,0.0
8952,0.0
8953,1.0
8954,0.0
8955,0.0
8956,0.0
8957,0.0
8958,0.0
8959,0.0
8960,1.0
8961,0.0
8962,0.0
8963,0.0
8964,1.0
8965,1.0
8966,1.0
8967,1.0
8968,0.0
8969,0.0
8970,0.0
8971,0.0
8972,0.0
8973,0.0
8974,1.0
8975,0.0
8976,0.0
8977,0.0
8978,0.0
8979,0.0
8980,1.0
8981,1.0
8982,0.0
8983,1.0
8984,1.0
8985,0.0
8986,1.0
8987,0.0
8988,0.0
8989,0.0
8990,1.0
8991,1.0
8992,0.0
8993,0.0
8994,1.0
8995,1.0
8996,0.0
8997,0.0
8998,0.0
8999,0.0
9000,0.0
9001,0.0
9002,1.0
9003,1.0
9004,1.0
9005,0.0
9006,1.0
9007,1.0
9008,1.0
9009,0.0
9010,1.0
9011,1.0
9012,0.0
9013,1.0
9014,1.0
9015,1.0
9016,0.0
9017,1.0
9018,1.0
9019,1.0
9020,0.0
9021,1.0
9022,0.0
9023,0.0
9024,1.0
9025,1.0
9026,1.0
9027,0.0
9028,1.0
9029,0.0
9030,0.0
9031,1.0
9032,0.0
9033,1.0
9034,1.0
9035,0.0
9036,0.0
9037,0.0
9038,0.0
9039,1.0
9040,1.0
9041,0.0
9042,0.0
9043,0.0
9044,1.0
9045,0.0
9046,0.0
9047,1.0
9048,0.0
9049,0.0
9050,0.0
9051,1.0
9052,1.0
9053,0.0
9054,0.0
9055,1.0
9056,0.0
9057,0.0
9058,1.0
9059,0.0
9060,1.0
9061,1.0
9062,0.0
9063,0.0
9064,0.0
9065,0.0
9066,0.0
9067,0.0
9068,1.0
9069,1.0
9070,0.0
9071,1.0
9072,1.0
9073,0.0
9074,1.0
9075,0.0
9076,0.0
9077,1.0
9078,0.0
9079,1.0
9080,1.0
9081,0.0
9082,1.0
9083,0.0
9084,0.0
9085,1.0
9086,1.0
9087,0.0
9088,1.0
9089,0.0
9090,1.0
9091,0.0
9092,1.0
9093,1.0
9094,1.0
9095,1.0
9096,0.0
9097,0.0
9098,0.0
9099,1.0
9100,1.0
9101,1.0
9102,0.0
9103,1.0
9104,0.0
9105,1.0
9106,0.0
9107,1.0
9108,0.0
9109,0.0
9110,1.0
9111,0.0
9112,1.0
9113,0.0
9114,0.0
9115,0.0
9116,1.0
9117,0.0
9118,0.0
9119,0.0
9120,0.0
9121,0.0
9122,1.0
9123,0.0
9124,0.0
9125,1.0
9126,0.0
9127,0.0
9128,0.0
9129,0.0
9130,0.0
9131,0.0
9132,0.0
9133,1.0
9134,1.0
9135,1.0
9136,1.0
9137,1.0
9138,1.0
9139,0.0
9140,0.0
9141,0.0
9142,1.0
9143,0.0
9144,0.0
9145,0.0
9146,0.0
9147,1.0
9148,1.0
9149,1.0
9150,1.0
9151,1.0
9152,1.0
9153,1.0
9154,0.0
9155,0.0
9156,0.0
9157,1.0
9158,0.0
9159,0.0
9160,0.0
9161,0.0
9162,0.0
9163,0.0
9164,0.0
9165,0.0
9166,1.0
9167,1.0
9168,0.0
9169,1.0
9170,0.0
9171,0.0
9172,0.0
9173,0.0
9174,0.0
9175,1.0
9176,0.0
9177,0.0
9178,0.0
9179,0.0
9180,1.0
9181,0.0
9182,0.0
9183,1.0
9184,1.0
9185,1.0
9186,1.0
9187,1.0
9188,1.0
9189,0.0
9190,1.0
9191,1.0
9192,1.0
9193,1.0
9194,0.0
9195,1.0
9196,1.0
9197,0.0
9198,0.0
9199,0.0
9200,1.0
9201,1.0
9202,1.0
9203,1.0
9204,0.0
9205,1.0
9206,1.0
9207,1.0
9208,1.0
9209,1.0
9210,0.0
9211,0.0
9212,1.0
9213,1.0
9214,0.0
9215,1.0
9216,1.0
9217,0.0
9218,1.0
9219,1.0
9220,0.0
9221,1.0
9222,1.0
9223,0.0
9224,0.0
9225,1.0
9226,0.0
9227,1.0
9228,0.0
9229,1.0
9230,0.0
9231,0.0
9232,0.0
9233,1.0
9234,0.0
9235,0.0
9236,1.0
9237,1.0
9238,0.0
9239,0.0
9240,1.0
9241,1.0
9242,1.0
9243,1.0
9244,1.0
9245,1.0
9246,1.0
9247,0.0
9248,0.0
9249,0.0
9250,1.0
9251,1.0
9252,0.0
9253,0.0
9254,1.0
9255,1.0
9256,1.0
9257,0.0
9258,1.0
9259,0.0
9260,0.0
9261,0.0
9262,0.0
9263,0.0
9264,1.0
9265,0.0
9266,1.0
9267,0.0
9268,0.0
9269,1.0
9270,1.0
9271,0.0
9272,1.0
9273,0.0
9274,0.0
9275,0.0
9276,0.0
9277,0.0
9278,0.0
9279,0.0
9280,0.0
9281,0.0
9282,1.0
9283,1.0
9284,1.0
9285,1.0
9286,0.0
9287,1.0
9288,0.0
9289,0.0
9290,1.0
9291,0.0
9292,0.0
9293,0.0
9294,0.0
9295,1.0
9296,1.0
9297,1.0
9298,0.0
9299,0.0
9300,1.0
9301,1.0
9302,0.0
9303,1.0
9304,1.0
9305,0.0
9306,0.0
9307,1.0
9308,1.0
9309,1.0
9310,1.0
9311,0.0
9312,0.0
9313,1.0
9314,1.0
9315,0.0
9316,0.0
9317,1.0
9318,0.0
9319,1.0
9320,0.0
9321,0.0
9322,1.0
9323,0.0
9324,1.0
9325,0.0
9326,0.0
9327,0.0
9328,0.0
9329,0.0
9330,1.0
9331,1.0
9332,1.0
9333,0.0
9334,1.0
9335,1.0
9336,1.0
9337,0.0
9338,1.0
9339,0.0
9340,0.0
9341,0.0
9342,0.0
9343,1.0
9344,0.0
9345,1.0
9346,0.0
9347,1.0
9348,0.0
9349,0.0
9350,1.0
9351,1.0
9352,0.0
9353,0.0
9354,0.0
9355,1.0
9356,1.0
9357,0.0
9358,0.0
9359,1.0
9360,0.0
9361,1.0
9362,0.0
9363,0.0
9364,1.0
9365,0.0
9366,1.0
9367,1.0
9368,0.0
9369,1.0
9370,0.0
9371,1.0
9372,0.0
9373,1.0
9374,1.0
9375,1.0
9376,1.0
9377,0.0
9378,0.0
9379,0.0
9380,0.0
9381,0.0
9382,1.0
9383,0.0
9384,0.0
9385,1.0
9386,0.0
9387,1.0
9388,0.0
9389,1.0
9390,0.0
9391,1.0
9392,1.0
9393,1.0
9394,1.0
9395,1.0
9396,0.0
9397,0.0
9398,0.0
9399,0.0
9400,0.0
9401,0.0
9402,1.0
9403,0.0
9404,1.0
9405,0.0
9406,0.0
9407,1.0
9408,0.0
9409,0.0
9410,1.0
9411,0.0
9412,0.0
9413,1.0
9414,0.0
9415,1.0
9416,0.0
9417,0.0
9418,1.0
9419,1.0
9420,0.0
9421,0.0
9422,1.0
9423,0.0
9424,1.0
9425,1.0
9426,0.0
9427,1.0
9428,0.0
9429,0.0
9430,0.0
9431,0.0
9432,1.0
9433,1.0
9434,1.0
9435,1.0
9436,0.0
9437,0.0
9438,0.0
9439,1.0
9440,1.0
9441,1.0
9442,0.0
9443,0.0
9444,0.0
9445,0.0
9446,0.0
9447,1.0
9448,1.0
9449,1.0
9450,0.0
9451,1.0
9452,1.0
9453,0.0
9454,0.0
9455,1.0
9456,0.0
9457,1.0
9458,1.0
9459,1.0
9460,0.0
9461,0.0
9462,0.0
9463,0.0
9464,0.0
9465,0.0
9466,0.0
9467,1.0
9468,0.0
9469,0.0
9470,0.0
9471,0.0
9472,1.0
9473,0.0
9474,1.0
9475,0.0
9476,1.0
9477,0.0
9478,0.0
9479,1.0
9480,1.0
9481,0.0
9482,0.0
9483,1.0
9484,1.0
9485,0.0
9486,0.0
9487,0.0
9488,1.0
9489,0.0
9490,1.0
9491,1.0
9492,0.0
9493,1.0
9494,0.0
9495,0.0
9496,0.0
9497,0.0
9498,1.0
9499,1.0
9500,0.0
9501,1.0
9502,1.0
9503,0.0
9504,0.0
9505,0.0
9506,0.0
9507,0.0
9508,0.0
9509,1.0
9510,1.0
9511,0.0
9512,0.0
9513,0.0
9514,0.0
9515,1.0
9516,0.0
9517,1.0
9518,1.0
9519,0.0
9520,1.0
9521,1.0
9522,1.0
9523,1.0
9524,0.0
9525,1.0
9526,1.0
9527,1.0
9528,0.0
9529,1.0
9530,1.0
9531,1.0
9532,0.0
9533,0.0
9534,0.0
9535,0.0
9536,0.0
9537,0.0
9538,0.0
9539,1.0
9540,0.0
9541,1.0
9542,0.0
9543,1.0
9544,1.0
9545,1.0
9546,1.0
9547,1.0
9548,0.0
9549,0.0
9550,1.0
9551,0.0
9552,0.0
9553,0.0
9554,0.0
9555,0.0
9556,0.0
9557,0.0
9558,1.0
9559,0.0
9560,0.0
9561,1.0
9562,0.0
9563,1.0
9564,0.0
9565,1.0
9566,0.0
9567,1.0
9568,1.0
9569,0.0
9570,1.0
9571,0.0
9572,1.0
9573,1.0
9574,1.0
9575,0.0
9576,0.0
9577,0.0
9578,1.0
9579,1.0
9580,0.0
9581,1.0
9582,0.0
9583,0.0
9584,0.0
9585,0.0
9586,1.0
9587,0.0
9588,1.0
9589,0.0
9590,1.0
9591,1.0
9592,1.0
9593,1.0
9594,1.0
9595,0.0
9596,1.0
9597,0.0
9598,0.0
9599,0.0
9600,0.0
9601,0.0
9602,0.0
9603,0.0
9604,0.0
9605,0.0
9606,0.0
9607,0.0
9608,0.0
9609,0.0
9610,0.0
9611,0.0
9612,0.0
9613,1.0
9614,0.0
9615,0.0
9616,0.0
9617,0.0
9618,1.0
9619,1.0
9620,0.0
9621,1.0
9622,0.0
9623,0.0
9624,1.0
9625,0.0
9626,0.0
9627,0.0
9628,1.0
9629,0.0
9630,1.0
9631,1.0
9632,0.0
9633,0.0
9634,1.0
9635,0.0
9636,0.0
9637,1.0
9638,1.0
9639,1.0
9640,1.0
9641,1.0
9642,0.0
9643,1.0
9644,0.0
9645,0.0
9646,1.0
9647,0.0
9648,1.0
9649,0.0
9650,1.0
9651,0.0
9652,1.0
9653,0.0
9654,0.0
9655,0.0
9656,1.0
9657,0.0
9658,1.0
9659,0.0
9660,0.0
9661,0.0
9662,1.0
9663,0.0
9664,1.0
9665,0.0
9666,0.0
9667,0.0
9668,0.0
9669,1.0
9670,1.0
9671,0.0
9672,0.0
9673,1.0
9674,1.0
9675,1.0
9676,0.0
9677,0.0
9678,0.0
9679,0.0
9680,1.0
9681,0.0
9682,0.0
9683,1.0
9684,0.0
9685,1.0
9686,0.0
9687,0.0
9688,1.0
9689,1.0
9690,1.0
9691,1.0
9692,1.0
9693,1.0
9694,0.0
9695,0.0
9696,1.0
9697,0.0
9698,0.0
9699,0.0
9700,0.0
9701,0.0
9702,1.0
9703,0.0
9704,0.0
9705,0.0
9706,0.0
9707,1.0
9708,0.0
9709,0.0
9710,0.0
9711,0.0
9712,0.0
9713,1.0
9714,1.0
9715,0.0
9716,1.0
9717,1.0
9718,1.0
9719,0.0
9720,1.0
9721,1.0
9722,1.0
9723,1.0
9724,1.0
9725,0.0
9726,1.0
9727,0.0
9728,1.0
9729,1.0
9730,0.0
9731,0.0
9732,1.0
9733,0.0
9734,1.0
9735,1.0
9736,0.0
9737,0.0
9738,1.0
9739,0.0
9740,0.0
9741,1.0
9742,0.0
9743,0.0
9744,1.0
9745,0.0
9746,1.0
9747,1.0
9748,1.0
9749,0.0
9750,0.0
9751,0.0
9752,0.0
9753,0.0
9754,0.0
9755,1.0
9756,0.0
9757,0.0
9758,0.0
9759,0.0
9760,0.0
9761,1.0
9762,0.0
9763,1.0
9764,1.0
9765,0.0
9766,1.0
9767,0.0
9768,1.0
9769,1.0
9770,0.0
9771,1.0
9772,1.0
9773,1.0
9774,1.0
9775,0.0
9776,1.0
9777,0.0
9778,1.0
9779,1.0
9780,1.0
9781,0.0
9782,1.0
9783,0.0
9784,0.0
9785,1.0
9786,1.0
9787,1.0
9788,0.0
9789,0.0
9790,0.0
9791,0.0
9792,0.0
9793,0.0
9794,0.0
9795,0.0
9796,0.0
9797,1.0
9798,0.0
9799,0.0
9800,1.0
9801,0.0
9802,0.0
9803,0.0
9804,1.0
9805,0.0
9806,0.0
9807,0.0
9808,0.0
9809,1.0
9810,0.0
9811,1.0
9812,0.0
9813,0.0
9814,0.0
9815,1.0
9816,0.0
9817,0.0
9818,0.0
9819,0.0
9820,0.0
9821,0.0
9822,1.0
9823,0.0
9824,1.0
9825,0.0
9826,0.0
9827,0.0
9828,0.0
9829,1.0
9830,0.0
9831,1.0
9832,0.0
9833,1.0
9834,0.0
9835,0.0
9836,0.0
9837,0.0
9838,0.0
9839,1.0
9840,0.0
9841,1.0
9842,1.0
9843,1.0
9844,0.0
9845,1.0
9846,0.0
9847,0.0
9848,0.0
9849,0.0
9850,1.0
9851,1.0
9852,0.0
9853,0.0
9854,0.0
9855,0.0
9856,0.0
9857,1.0
9858,1.0
9859,0.0
9860,0.0
9861,1.0
9862,0.0
9863,1.0
9864,0.0
9865,0.0
9866,0.0
9867,0.0
9868,0.0
9869,0.0
9870,1.0
9871,0.0
9872,0.0
9873,0.0
9874,1.0
9875,0.0
9876,0.0
9877,0.0
9878,0.0
9879,0.0
9880,0.0
9881,1.0
9882,0.0
9883,1.0
9884,1.0
9885,0.0
9886,0.0
9887,0.0
9888,0.0
9889,0.0
9890,0.0
9891,0.0
9892,0.0
9893,0.0
9894,0.0
9895,1.0
9896,1.0
9897,1.0
9898,0.0
9899,1.0
9900,0.0
9901,1.0
9902,0.0
9903,1.0
9904,0.0
9905,0.0
9906,1.0
9907,1.0
9908,1.0
9909,1.0
9910,0.0
9911,0.0
9912,1.0
9913,0.0
9914,1.0
9915,0.0
9916,0.0
9917,1.0
9918,0.0
9919,1.0
9920,0.0
9921,1.0
9922,0.0
9923,1.0
9924,1.0
9925,0.0
9926,0.0
9927,0.0
9928,1.0
9929,0.0
9930,1.0
9931,0.0
9932,1.0
9933,1.0
9934,1.0
9935,1.0
9936,0.0
9937,1.0
9938,1.0
9939,0.0
9940,1.0
9941,0.0
9942,0.0
9943,1.0
9944,0.0
9945,1.0
9946,0.0
9947,1.0
9948,1.0
9949,0.0
9950,0.0
9951,1.0
9952,0.0
9953,1.0
9954,0.0
9955,0.0
9956,1.0
9957,0.0
9958,0.0
9959,1.0
9960,1.0
9961,1.0
9962,0.0
9963,0.0
9964,0.0
9965,1.0
9966,0.0
9967,1.0
9968,0.0
9969,1.0
9970,0.0
9971,1.0
9972,0.0
9973,0.0
9974,0.0
9975,0.0
9976,0.0
9977,0.0
9978,0.0
9979,1.0
9980,0.0
9981,1.0
9982,0.0
9983,1.0
9984,0.0
9985,0.0
9986,0.0
9987,0.0
9988,0.0
9989,1.0
9990,0.0
9991,0.0
9992,1.0
9993,1.0
9994,1.0
9995,1.0
9996,0.0
9997,0.0
9998,0.0
9999,1.0
10000,0.0
